﻿Designator,Footprint,Quantity,Value,LCSC Part #
C1,CP_Radial_D8.0mm_P3.50mm_Hole1.0mm,1,100uF,
"C10, C22, C5, C6",0805,4,106,
"C11, C13, C16, C17, C18, C19, C20, C21, C23, C7, C8, C9",0805,12,104,
"C12, C24",0805,2,10pf,
"C14, C15",0805,2,2.2uF,
C2,0805,1,103,
"C3, C4",CP_Radial_D8.0mm_P3.50mm_Hole1.0mm,2,220uF,
D1,D_SMB_Handsoldering,1,SS56BF,
"D3, D4",D_SMA_Handsoldering,2,SS36,
"D5, D6",0805,2,LED,
"H1, H2, H3, H4","Hole, 3mm",4,~,
J1,PinHeader_1x05_P2.54mm_Vertical,1,ST-LINK,
J10,PinHeader_1x04_P2.54mm_Vertical,1,LCD_CHAR,
J11,PinHeader_1x03_P2.54mm_Vertical,1,SERVO2,
J12,PinHeader_1x04_P2.54mm_Vertical,1,BME280,
J13,PinHeader_1x03_P2.54mm_Vertical,1,UART1,
J14,PinHeader_1x03_P2.54mm_Vertical,1,FAN,
J15,PinHeader_1x03_P2.54mm_Vertical,1,UART2,
J16,PinHeader_1x04_P2.54mm_Vertical,1,AS7265X,
J17,PinSocket_1x14_P2.54mm_Vertical,1,TFT_SPI,
J18,PinSocket_1x02_P2.54mm_Vertical,1,5V,
J2,USB_A_Molex_67643_Horizontal,1,USB_A,
J3,PinSocket_1x02_P2.54mm_Vertical,1,Jumper,
J4,BarrelJack_Horizontal,1,POWER,
J6,PinHeader_2x09_P2.54mm_Vertical,1,DCMI_CAMERA,
J7,PinHeader_2x05_P2.54mm_Vertical,1,USER_GPIO,
J8,PinHeader_1x03_P2.54mm_Vertical,1,SERVO1,
J9,PinHeader_1x03_P2.54mm_Vertical,1,ADC_IN,
L1,"L_SMD,8x8mm",1,33UH,
"Q1, Q2, Q3",SOT-223-3_TabPin2,3,BCP56,
"R1, R5, R7",0805,3,220,
"R10, R11, R12, R14, R15, R16, R19, R2, R3, R4, R6, R8, R9",0805,13,4.7K,
"R17, R18",0805,2,33,
SW1,SW_PUSH_6mm_H4.3mm,1,RESET SW,
U1,TO127P1435X464-8N,1,LM2676S-5,
U2,SOT-223-3_TabPin2,1,AMS1117-3.3,
U3,LQFP-100_14x14mm_P0.5mm,1,STM32H743VITx,
U4,SOIC-8_L5.3-W5.3-P1.27-LS8.0-BL,1,W25Q128,C97521
Y2,Crystal_SMD_3225-4Pin_3.2x2.5mm_HandSoldering,1,25MHz,
